{
    "multipart": [
	{
	   "apply": [
		{ "model": "block/soul_fire_floor" },
		{ "model": "block/soul_fire_floor", "y": 90  },
		{ "model": "block/soul_fire_floor", "y": 180 },
		{ "model": "block/soul_fire_floor", "y": 270 },
		{ "model": "block/soul_fire_floor2" },
		{ "model": "block/soul_fire_floor2", "y": 90 },
		{ "model": "block/soul_fire_floor2", "y": 180 },
		{ "model": "block/soul_fire_floor2", "y": 270 },
		{ "model": "block/soul_fire_floor3" },
		{ "model": "block/soul_fire_floor3", "y": 90 },
		{ "model": "block/soul_fire_floor3", "y": 180 },
		{ "model": "block/soul_fire_floor3", "y": 270 },
		{ "model": "block/soul_fire_floor4" },
		{ "model": "block/soul_fire_floor4", "y": 90 },
		{ "model": "block/soul_fire_floor4", "y": 180 },
		{ "model": "block/soul_fire_floor4", "y": 270 }
            ]
	}
    ]
}
