{
	"credit": "Made with Blockbench",
	"ambientocclusion": false,
	"textures": {
		"particle": "block/fire_0",
		"fire_0": "block/fire_0"
	},
	"elements": [
		{
			"from": [-9, 0, 11.25],
			"to": [9, 24, 11.25],
			"shade": false,
			"rotation": {"angle": 45, "axis": "y", "origin": [0, 0, 0]},
			"faces": {
				"north": {"uv": [0, 0, 16, 16], "texture": "#fire_0"},
				"south": {"uv": [0, 0, 16, 16], "texture": "#fire_0"}
			}
		},
		{
			"from": [6.75, 0, 11.32],
			"to": [24.75, 24, 11.32],
			"shade": false,
			"rotation": {"angle": -45, "axis": "y", "origin": [16, 0, 0]},
			"faces": {
				"north": {"uv": [0, 0, 16, 16], "texture": "#fire_0"},
				"south": {"uv": [0, 0, 16, 16], "texture": "#fire_0"}
			}
		}
	]
}