{
	"credit": "Made with Blockbench",
	"ambientocclusion": false,
	"textures": {
		"particle": "block/fire_0",
		"fire_0": "block/fire_0"
	},
	"elements": [
		{
			"from": [-10, 0, 11.25],
			"to": [10, 28, 11.25],
			"shade": false,
			"rotation": {"angle": 45, "axis": "y", "origin": [0, 0, 0]},
			"faces": {
				"north": {"uv": [0, 0, 16, 16], "texture": "#fire_0"},
				"south": {"uv": [0, 0, 16, 16], "texture": "#fire_0"}
			}
		},
		{
			"from": [5.75, 0, 11.32],
			"to": [25.75, 27, 11.32],
			"shade": false,
			"rotation": {"angle": -45, "axis": "y", "origin": [16, 0, 0]},
			"faces": {
				"north": {"uv": [0, 0, 16, 16], "texture": "#fire_0"},
				"south": {"uv": [0, 0, 16, 16], "texture": "#fire_0"}
			}
		}
	],
	"groups": [
		{
			"name": "big_fire2",
			"origin": [8, 8, 8],
			"color": 0,
			"children": [0, 1]
		}
	]
}