{
	"credit": "Made with Blockbench",
	"ambientocclusion": false,
	"textures": {
		"particle": "block/fire_0",
		"fire_0": "block/fire_0",
		"fire_1": "block/fire_1"
	},
	"elements": [
		{
			"from": [-7.5, 0, 9.75],
			"to": [10.5, 24, 9.75],
			"shade": false,
			"rotation": {"angle": 45, "axis": "y", "origin": [1.5, 0, -1.5]},
			"faces": {
				"north": {"uv": [0, 0, 16, 16], "texture": "#fire_1"},
				"south": {"uv": [0, 0, 16, 16], "texture": "#fire_1"}
			}
		},
		{
			"from": [8.25, 0, 9.82],
			"to": [26.25, 24, 9.82],
			"shade": false,
			"rotation": {"angle": -45, "axis": "y", "origin": [17.5, 0, -1.5]},
			"faces": {
				"north": {"uv": [0, 0, 16, 16], "texture": "#fire_1"},
				"south": {"uv": [0, 0, 16, 16], "texture": "#fire_1"}
			}
		},
		{
			"from": [-13, 0, 6.25],
			"to": [-7, 8, 6.25],
			"shade": false,
			"rotation": {"angle": 45, "axis": "y", "origin": [-5, 0, -8]},
			"faces": {
				"north": {"uv": [3, 0, 13, 12], "texture": "#fire_1"},
				"south": {"uv": [3, 0, 13, 12], "texture": "#fire_1"}
			}
		},
		{
			"from": [10.75, 0, 8.32],
			"to": [16.75, 8, 8.32],
			"shade": false,
			"rotation": {"angle": -45, "axis": "y", "origin": [11, 0, -8]},
			"faces": {
				"north": {"uv": [3, 0, 13, 12], "texture": "#fire_1"},
				"south": {"uv": [3, 0, 13, 12], "texture": "#fire_1"}
			}
		},
		{
			"from": [-6, 0, 15.75],
			"to": [0, 8, 15.75],
			"shade": false,
			"rotation": {"angle": 45, "axis": "y", "origin": [2, 0, 1.5]},
			"faces": {
				"north": {"uv": [3, 0, 13, 12], "texture": "#fire_0"},
				"south": {"uv": [3, 0, 13, 12], "texture": "#fire_0"}
			}
		},
		{
			"from": [17.75, 0, 17.82],
			"to": [23.75, 8, 17.82],
			"shade": false,
			"rotation": {"angle": -45, "axis": "y", "origin": [18, 0, 1.5]},
			"faces": {
				"north": {"uv": [3, 0, 13, 12], "texture": "#fire_0"},
				"south": {"uv": [3, 0, 13, 12], "texture": "#fire_0"}
			}
		}
	],
	"groups": [
		{
			"name": "group3",
			"origin": [8, 8, 8],
			"color": 0,
			"children": [
				{
					"name": "big_fire1",
					"origin": [8, 8, 8],
					"color": 0,
					"children": [0, 1]
				},
				{
					"name": "little_fire1",
					"origin": [8, 8, 8],
					"color": 0,
					"children": [2, 3]
				},
				{
					"name": "little_fire1",
					"origin": [8, 8, 8],
					"color": 0,
					"children": [4, 5]
				}
			]
		}
	]
}