{
  "ambientocclusion": false,
  "textures": {
    "particle": "block/mangrove_propagule",
    "sapling": "block/mangrove_propagule"
  },
  "elements": [
    {
      "name": "leaves",
      "from": [4.5, 5, 8],
      "to": [11.5, 11, 8],
      "rotation": {"angle": 45, "axis": "y", "origin": [8, 0, 8], "rescale": true},
      "faces": {
        "north": {"uv": [4, 5, 11, 11], "texture": "#sapling"},
        "south": {"uv": [4, 5, 11, 11], "texture": "#sapling"}
      }
    },
    {
      "name": "leaves",
      "from": [8, 5, 4.5],
      "to": [8, 11, 11.5],
      "rotation": {"angle": 45, "axis": "y", "origin": [8, 0, 8], "rescale": true},
      "faces": {
        "east": {"uv": [4, 5, 11, 11], "texture": "#sapling"},
        "west": {"uv": [4, 5, 11, 11], "texture": "#sapling"}
      }
    },
    {
      "name": "hypocotyl",
      "from": [8, 0, 7],
      "to": [8, 5, 9],
      "rotation": {"angle": 45, "axis": "y", "origin": [8, 0, 8], "rescale": true},
      "faces": {
        "east": {"uv": [7, 11, 9, 16], "texture": "#sapling"},
        "west": {"uv": [7, 11, 9, 16], "texture": "#sapling"}
      }
    },
    {
      "name": "hypocotyl",
      "from": [7, 0, 8],
      "to": [9, 5, 8],
      "rotation": {"angle": 45, "axis": "y", "origin": [8, 0, 8], "rescale": true},
      "faces": {
        "north": {"uv": [7, 11, 9, 16], "texture": "#sapling"},
        "south": {"uv": [7, 11, 9, 16], "texture": "#sapling"}
      }
    }
  ]
}